workload,speedup
pr,0.9360490322444519
bc,0.6553794245009614
rnd,0.7168510992535243
bfs,0.9117974222955036
